;Unnamed: 0;tempo;stagione;num_volpi;num_conigli;num_carota;num_pozzanghera;numero_volpi_nate;numero_conigli_nati;numero_conigli_morti_fame;numero_volpi_morti_fame;numero_conigli_morti_sete;numero_volpi_morti_sete;numero_conigli_morti_vecchiaia;numero_volpi_morti_vecchiaia;numero_conigli_cacciati;eta_media_conigli;eta_media_volpi;percezione_media_conigli;percezione_media_volpi;velocita_camminata_media_conigli;velocita_camminata_media_volpi;velocita_corsa_media_conigli;velocita_corsa_media_volpi;soglia_fame_media_conigli;soglia_fame_media_volpi;soglia_sete_media_conigli;soglia_sete_media_volpi;soglia_fertilita_media_conigli;soglia_fertilita_media_volpi;soglia_morte_di_fame_media_conigli;soglia_morte_di_fame_media_volpi;soglia_morte_di_sete_media_conigli;soglia_morte_di_sete_media_volpi;media_fame_conigli;media_fame_volpi;media_sete_conigli;media_sete_volpi;media_fertilita_conigli;media_fertilita_volpi
0;0;5;primavera;25;64;305;206;0;0;0;0;0;0;0;0;11;0.75;0.75;17.797;17.4;49.219;50.64;70.406;70.56;227.016;229.16;224.562;226.12;274.922;551.8;550.359;596.04;557.906;604.44;216.672;259.08;214.25;175.68;84.0;84.0
1;1;10;estate;31;109;388;209;0;38;11;4;0;0;0;0;23;0.576;1.017;18.193;17.323;48.917;50.161;69.55;70.194;224.844;228.581;225.22;227.387;270.679;551.484;560.183;592.452;553.514;604.903;174.817;202.258;99.147;130.065;84.339;226.258
2;2;20;estate;31;150;399;191;0;114;12;4;8;0;0;0;49;0.774;1.767;18.627;17.323;49.98;50.161;68.14;70.194;225.353;228.581;223.167;227.387;278.28;551.484;560.08;592.452;558.987;604.903;192.353;177.194;145.513;211.161;70.533;367.194
3;3;37;autunno;75;311;229;173;35;308;23;5;9;0;0;0;100;0.7;1.219;18.55;17.6;50.486;50.627;68.212;70.56;224.929;227.773;222.862;228.64;275.605;546.373;554.344;595.76;554.09;615.8;199.511;139.667;128.907;133.253;67.074;113.373
4;4;61;autunno;107;513;115;138;68;646;64;5;15;1;0;0;189;0.786;1.518;19.187;17.364;51.881;50.075;66.797;69.626;225.195;228.935;224.251;227.318;277.302;547.935;557.101;591.299;568.294;612.252;267.304;154.019;165.271;175.318;77.413;181.617
5;5;83;autunno;149;529;41;92;113;937;215;5;26;4;4;0;298;0.872;1.71;19.314;17.879;52.488;50.128;66.673;69.94;225.628;229.644;225.658;227.597;275.665;546.705;565.994;593.946;573.461;614.523;326.684;164.51;199.505;204.557;108.18;256.154
6;6;101;inverno;186;345;37;75;169;1090;451;5;43;14;4;19;412;0.951;1.444;19.186;18.242;51.901;51.683;67.397;70.199;222.864;228.403;225.783;227.882;277.881;539.602;578.925;589.161;569.47;620.242;358.733;197.167;243.646;226.446;130.699;228.785
7;7;113;inverno;208;136;49;66;221;1156;608;16;73;33;4;19;501;0.979;1.647;18.757;18.692;51.603;51.452;67.022;70.106;224.478;229.058;223.647;228.697;269.993;540.596;587.397;586.663;573.919;616.712;355.588;250.702;252.632;264.288;148.919;264.519
8;8;122;primavera;212;73;74;64;275;1201;644;44;87;62;4;22;589;0.804;1.654;20.425;19.396;51.123;52.231;68.356;69.316;229.548;230.717;221.699;229.132;265.068;538.764;587.849;591.08;591.027;617.264;291.055;253.939;221.534;250.061;102.575;253.651
9;9;129;primavera;180;16;134;62;320;1212;654;76;92;105;4;24;642;1.071;1.713;26.5;19.8;40.688;55.756;64.312;72.172;217.875;230.067;216.188;229.394;272.625;536.911;594.562;593.85;562.688;626.344;266.125;305.367;284.0;297.7;190.875;283.372
10;10;135;estate;126;15;167;143;341;1212;656;125;94;134;4;31;669;0.943;1.803;29.467;20.706;38.067;56.778;64.4;73.627;217.333;230.175;215.0;229.317;277.333;531.444;590.533;603.643;556.667;630.738;211.867;359.627;236.2;246.159;111.667;322.135
11;11;138;estate;63;10;214;140;351;1217;658;185;95;144;4;34;676;1.43;1.977;31.4;22.619;33.0;59.714;60.8;75.222;213.2;230.222;212.9;230.571;274.6;520.079;575.2;627.381;539.9;620.206;221.2;418.762;293.1;287.238;283.1;363.952
12;12;141;autunno;32;32;224;145;351;1220;658;215;99;154;4;35;683;0.999;1.648;31.125;23.875;32.0;64.594;61.281;78.75;214.312;230.812;211.688;232.562;274.781;511.438;575.562;657.25;539.531;628.781;246.656;389.406;213.219;287.812;150.031;331.0
13;13;144;autunno;12;18;208;143;351;1220;667;232;100;154;4;38;687;1.776;2.509;31.778;23.833;30.444;71.25;61.833;82.167;214.889;225.75;211.0;239.583;275.611;512.0;573.889;697.667;537.389;620.417;244.444;402.667;322.556;381.917;388.667;622.25
14;14;147;inverno;16;36;215;141;351;1220;669;236;107;156;5;38;689;1.184;1.724;31.028;24.562;30.722;70.5;60.944;81.0;213.778;223.875;211.25;240.25;274.222;510.312;573.389;702.0;538.528;611.625;242.333;407.312;229.333;308.562;210.167;408.5
15;15;149;inverno;17;21;203;139;356;1220;678;237;109;159;6;38;692;1.714;1.312;31.0;25.882;30.429;70.294;60.857;81.412;213.857;221.471;211.143;237.176;274.857;503.059;573.286;686.353;537.286;616.059;254.81;400.412;331.381;347.471;405.429;235.176
16;16;152;primavera;16;49;223;147;356;1234;681;244;117;163;6;38;697;0.754;1.015;30.796;26.75;29.429;69.625;60.184;82.062;212.551;219.5;212.0;233.688;274.592;495.688;578.51;673.688;529.143;607.688;170.571;302.188;129.082;230.188;119.163;108.562
17;17;156;primavera;11;59;247;153;356;1250;685;248;118;163;6;39;698;1.059;1.509;30.695;25.545;29.576;70.182;60.966;82.455;213.169;220.0;212.051;236.273;272.119;502.818;579.373;690.364;531.153;616.727;229.407;448.545;164.983;302.273;188.797;336.909
18;18;162;estate;17;143;203;139;356;1328;691;252;125;163;6;39;709;0.815;1.373;31.189;25.353;29.203;70.118;58.874;82.529;214.322;219.765;213.322;235.941;269.559;502.294;582.524;691.176;525.734;616.471;218.692;221.647;152.769;228.059;86.084;259.235
19;19;172;autunno;44;252;177;123;373;1452;707;252;127;163;9;39;733;0.666;0.989;30.754;25.432;29.528;68.568;58.972;82.932;214.052;220.341;214.579;236.25;269.448;499.25;589.401;699.25;528.23;628.977;220.317;167.318;133.202;140.295;76.925;110.159
20;20;186;autunno;64;294;113;111;393;1582;738;252;140;163;9;39;777;0.893;1.289;31.527;25.469;29.959;70.5;61.037;82.938;213.092;220.891;214.02;234.875;265.35;498.328;594.037;697.281;525.401;633.891;290.065;172.141;184.969;177.719;92.075;135.281
21;21;202;inverno;97;401;81;108;417;1837;806;252;164;164;12;39;860;0.795;1.454;31.736;25.68;32.825;70.381;62.095;83.567;213.618;220.536;215.162;236.608;269.204;497.144;603.636;691.103;523.212;633.041;305.678;139.835;182.232;156.619;88.743;199.856
22;22;218;inverno;152;355;57;92;480;2035;906;252;196;165;14;46;970;0.872;1.284;31.941;26.053;34.918;70.336;62.203;83.612;215.366;221.395;214.538;235.526;267.944;499.362;618.403;692.743;518.327;636.408;347.392;146.237;226.513;154.908;108.076;143.566
23;23;232;primavera;263;248;56;85;582;2188;998;252;240;166;14;46;1125;0.739;1.289;32.847;26.517;36.996;71.35;65.52;84.369;214.327;221.601;214.895;235.502;258.617;501.266;625.202;692.407;532.839;636.996;306.782;175.057;195.407;147.038;88.032;145.392
24;24;243;primavera;363;98;77;90;695;2305;1020;252;259;170;15;55;1352;0.611;1.431;30.765;26.165;39.684;70.556;69.041;83.576;217.418;221.298;216.214;235.149;253.122;501.521;637.082;695.077;555.408;636.507;252.286;198.353;139.408;177.843;63.235;176.846
25;25;252;estate;452;34;141;81;798;2305;1022;261;261;178;15;62;1444;0.108;1.664;29.765;26.383;39.912;71.217;67.529;84.232;218.382;221.723;216.735;234.743;252.118;502.936;644.176;690.431;552.147;638.124;162.176;332.942;28.765;212.332;15.559;258.642
26;26;261;estate;372;0;184;108;843;2305;1022;352;261;193;15;81;1481;0.0;1.981;29.0;27.228;39.0;72.07;67.0;84.79;218.0;221.906;216.0;234.858;252.0;501.653;644.0;700.769;552.0;639.481;0.0;466.333;0.0;291.731;0.0;349.573
27;27;265;autunno;173;30;236;105;860;2305;1022;538;261;227;15;88;1481;0.003;1.944;29.0;28.237;39.0;73.624;67.0;86.902;218.0;222.277;216.0;235.22;252.0;503.988;644.0;715.318;552.0;641.023;151.0;532.428;1.0;368.792;0.0;383.52
28;28;268;autunno;63;12;234;127;870;2305;1022;629;261;256;15;88;1499;0.753;1.811;29.0;28.651;39.0;69.73;67.0;87.746;218.0;220.0;216.0;233.921;252.0;504.111;644.0;724.714;552.0;654.302;212.0;452.778;212.667;362.175;85.0;302.19
29;29;270;inverno;39;38;208;136;870;2305;1024;647;261;270;15;90;1501;0.319;1.416;29.0;30.0;39.0;67.974;67.0;89.974;218.0;216.564;216.0;234.205;252.0;499.692;644.0;703.692;552.0;650.667;170.711;422.718;69.368;303.231;70.526;274.0
30;30;273;inverno;21;24;205;141;870;2305;1024;661;265;273;15;91;1511;0.94;1.906;29.0;29.905;39.0;69.476;67.0;87.952;218.0;218.762;216.0;233.095;252.0;498.714;644.0;711.762;552.0;664.286;257.375;329.048;246.917;308.143;119.625;414.714
31;31;276;primavera;31;52;201;161;875;2312;1032;662;265;276;15;92;1512;0.61;1.226;28.673;30.548;38.442;70.097;67.365;91.161;218.096;216.161;215.962;230.935;252.808;499.871;642.462;713.839;546.442;682.484;194.558;376.419;123.558;236.0;119.75;261.516
32;32;279;primavera;25;37;224;161;879;2312;1033;672;274;276;15;92;1517;1.107;1.581;28.649;31.44;37.757;74.24;67.135;93.76;218.027;215.24;215.405;231.12;252.649;503.48;643.73;718.92;550.595;695.16;192.0;388.8;217.946;269.2;172.622;279.4
33;33;283;estate;28;70;247;162;879;2331;1037;676;276;276;16;95;1526;0.698;1.099;28.743;31.321;37.129;75.429;68.0;92.429;217.343;217.5;216.8;230.857;253.7;505.393;644.614;724.357;556.814;691.75;177.714;280.143;124.029;206.393;134.271;259.107
34;34;288;estate;26;98;253;153;882;2382;1039;678;279;278;16;96;1544;0.729;1.516;28.98;29.462;38.52;78.5;67.582;97.154;218.071;216.808;218.561;228.577;251.388;511.885;642.133;727.154;559.418;707.0;214.939;212.423;121.327;185.0;89.643;307.962
35;35;295;autunno;59;150;231;141;905;2437;1043;678;280;278;17;96;1571;0.639;1.106;28.04;31.22;38.727;80.475;69.173;100.22;218.46;218.254;218.473;227.424;251.84;510.847;653.567;734.288;559.52;709.627;210.093;182.915;125.407;113.644;81.473;161.186
36;36;306;autunno;77;228;175;131;925;2585;1047;679;286;279;17;96;1631;0.711;1.405;29.68;30.429;38.794;79.182;70.39;100.87;219.561;217.831;219.601;228.039;246.513;511.247;662.096;729.286;561.899;705.273;261.925;158.805;155.035;125.104;57.982;178.0
37;37;321;inverno;125;291;108;121;966;2748;1062;679;294;279;20;99;1735;0.667;1.324;30.921;29.992;39.808;79.408;70.66;100.888;218.247;217.84;221.674;227.864;247.299;509.936;649.515;731.192;562.883;703.312;268.069;139.264;158.045;126.032;71.027;160.824
38;38;337;inverno;197;295;93;116;1047;2955;1093;679;306;279;20;108;1896;0.765;1.209;30.203;31.721;40.915;79.787;71.414;99.685;218.4;217.888;222.058;227.178;242.336;507.777;652.214;743.254;572.997;708.056;300.78;137.284;181.854;118.827;74.986;121.959
39;39;351;inverno;293;145;72;105;1144;3072;1121;679;319;280;20;108;2124;0.863;1.451;31.117;30.908;41.655;79.222;72.931;99.737;220.566;216.597;222.048;228.235;233.966;507.853;658.834;744.126;566.89;703.976;353.0;158.891;236.634;146.317;117.51;172.816
40;40;362;primavera;452;2;113;100;1306;3102;1135;680;329;280;20;120;2305;1.356;1.424;43.0;31.686;42.5;79.279;66.5;100.082;223.5;217.018;220.0;228.246;189.5;508.336;756.5;744.226;589.5;703.967;75.0;244.325;312.0;163.027;286.0;179.409
41;41;370;primavera;462;0;172;98;1341;3102;1135;698;329;283;20;124;2307;0.0;1.991;43.0;31.974;42.0;79.487;66.0;100.472;223.0;216.786;220.0;228.361;189.0;507.409;756.0;747.084;589.0;704.297;0.0;467.747;0.0;297.199;0.0;343.935
42;42;378;estate;317;0;211;96;1390;3102;1135;852;329;308;20;150;2340;0.0;2.129;43.0;31.959;42.0;79.886;66.0;100.315;223.0;216.653;220.0;228.593;189.0;506.079;756.0;760.596;589.0;703.205;0.0;541.47;0.0;376.609;0.0;416.132
43;43;381;estate;104;0;268;96;1390;3102;1135;1024;329;343;20;158;2340;0.0;2.055;43.0;32.183;42.0;79.577;66.0;98.827;223.0;218.76;220.0;227.644;189.0;500.038;756.0;756.365;589.0;703.923;0.0;568.163;0.0;432.019;0.0;407.038
44;44;384;autunno;52;13;274;106;1397;3102;1135;1074;329;359;20;162;2357;0.75;2.084;43.0;34.577;42.0;77.615;66.0;100.0;223.0;218.923;220.0;227.942;189.0;498.423;756.0;764.538;589.0;720.635;164.231;448.058;214.308;390.673;84.0;432.596
45;45;385;autunno;26;26;281;106;1397;3118;1135;1088;329;369;20;164;2360;0.634;1.94;43.038;33.808;40.308;75.308;68.0;99.192;219.808;217.115;217.538;227.577;197.077;500.577;753.846;750.654;597.115;720.154;193.038;487.0;146.192;378.269;86.654;412.923
46;46;389;inverno;30;61;266;109;1404;3138;1135;1098;331;371;20;165;2373;0.669;1.562;43.213;35.5;39.705;71.4;66.328;102.367;221.541;213.333;217.541;228.9;198.492;499.433;761.311;761.8;598.377;712.4;182.754;322.933;166.705;244.767;71.443;258.2
47;47;395;inverno;30;108;240;108;1410;3196;1135;1102;331;372;20;166;2384;0.773;1.609;44.102;36.1;40.296;74.5;64.065;100.3;222.528;214.033;216.972;230.733;193.046;495.933;762.278;768.433;602.889;729.667;212.509;305.433;167.019;247.8;100.843;297.567
48;48;406;primavera;51;315;175;106;1427;3419;1136;1105;336;374;20;167;2424;0.653;1.299;43.486;36.784;41.003;72.02;65.39;100.882;222.857;213.314;219.13;230.706;199.832;500.745;765.098;784.412;598.73;719.706;226.416;145.549;135.79;123.392;49.683;156.882
49;49;428;primavera;77;729;84;103;1455;3929;1141;1105;341;374;23;169;2508;0.692;1.364;44.45;37.545;41.026;71.948;67.027;101.805;222.79;212.091;218.916;229.273;195.591;498.545;763.671;787.234;599.672;725.623;272.152;105.961;156.787;116.909;60.059;155.0
50;50;461;estate;147;1724;4;115;1516;5069;1162;1105;376;374;23;170;2627;0.733;1.237;44.194;37.088;41.959;72.327;67.191;101.272;222.823;211.891;219.485;229.449;194.708;498.524;763.107;786.381;595.27;731.041;327.624;129.259;190.861;94.327;74.524;138.769
51;51;515;estate;226;1686;1;105;1598;5559;1280;1105;571;374;27;173;2840;1.082;1.338;44.354;37.743;42.42;71.522;67.421;101.018;222.457;212.925;219.253;230.327;194.617;500.584;765.837;790.389;600.703;728.823;446.672;117.96;309.445;99.518;171.682;155.487
52;52;562;autunno;402;1010;0;106;1773;6011;1576;1105;1065;374;31;182;3207;1.057;1.225;44.726;37.483;40.946;72.866;68.181;101.015;223.223;211.637;219.754;229.256;193.445;496.547;772.065;787.144;600.61;727.057;452.41;116.326;309.951;105.346;170.085;129.475
53;53;583;autunno;681;198;1;101;2055;6127;1744;1105;1268;374;32;185;3776;1.085;1.274;43.455;37.72;38.162;71.922;70.939;101.175;225.318;212.018;219.278;230.093;190.273;496.219;787.126;786.294;590.581;727.756;441.409;128.69;314.869;121.413;180.071;136.034
54;54;601;inverno;1003;0;35;98;2383;6150;1752;1105;1289;374;32;201;4001;0.0;1.416;43.0;37.649;38.0;71.591;70.0;100.713;225.0;212.088;219.0;230.515;190.0;494.643;787.0;784.733;590.0;724.682;0.0;285.422;0.0;146.234;0.0;185.374
55;55;624;inverno;974;0;79;108;2404;6150;1752;1131;1289;376;32;223;4001;0.0;2.045;43.0;37.683;38.0;72.069;70.0;100.65;225.0;211.796;219.0;230.492;190.0;494.298;787.0;786.112;590.0;723.111;0.0;523.217;0.0;330.968;0.0;391.919
56;56;641;primavera;604;0;157;109;2485;6150;1752;1514;1289;419;32;258;4041;0.0;2.294;43.0;38.079;38.0;72.126;70.0;100.919;225.0;211.548;219.0;231.228;190.0;492.624;787.0;817.197;590.0;726.29;0.0;626.224;0.0;452.255;0.0;488.078
57;57;646;primavera;144;0;248;115;2485;6150;1752;1881;1289;501;32;270;4041;0.0;1.924;43.0;37.931;38.0;72.889;70.0;102.396;225.0;212.111;219.0;230.632;190.0;493.736;787.0;806.549;590.0;708.438;0.0;568.076;0.0;443.424;0.0;365.708
58;58;649;estate;67;9;279;115;2494;6150;1752;1932;1289;541;32;275;4062;0.75;1.779;43.0;39.672;38.0;71.91;70.0;102.194;225.0;212.866;219.0;231.493;190.0;492.284;787.0;826.433;590.0;735.493;191.222;491.194;250.0;399.433;84.0;349.582
59;59;651;estate;34;16;317;153;2494;6162;1752;1950;1289;554;32;277;4067;0.589;1.997;43.375;39.853;37.75;73.029;75.25;104.088;224.812;213.794;220.0;236.382;181.562;481.529;783.625;802.647;580.625;726.382;225.438;468.441;145.062;390.235;57.688;445.824
60;60;654;autunno;56;41;266;152;2518;6173;1752;1960;1290;555;32;278;4082;0.828;1.298;42.561;41.036;40.244;73.929;76.659;102.018;224.317;210.714;222.195;237.714;175.195;481.429;789.61;804.411;576.195;703.429;211.122;293.411;195.683;202.589;85.317;166.643
61;61;661;autunno;59;111;213;155;2526;6271;1752;1965;1293;555;32;278;4107;0.62;1.708;44.288;41.898;39.063;74.932;72.937;104.051;224.973;210.576;222.387;237.169;162.739;483.169;774.135;812.644;584.712;699.237;271.811;280.305;165.82;213.051;42.586;243.695
62;62;672;inverno;117;187;167;146;2578;6403;1752;1966;1296;556;32;280;4190;0.687;1.268;44.123;40.256;39.615;75.41;72.406;104.812;226.027;207.821;221.465;236.393;158.733;478.573;757.273;808.949;597.487;700.094;299.813;152.35;179.096;127.966;74.807;133.214
63;63;686;inverno;200;244;123;136;2667;6639;1761;1966;1305;556;33;286;4350;0.611;1.146;44.537;40.05;41.611;73.76;70.189;103.575;226.496;207.71;216.762;235.37;156.709;477.655;761.123;802.105;599.754;692.05;272.123;133.84;154.131;129.825;51.135;105.17
64;64;699;primavera;340;159;137;131;2800;6780;1765;1966;1309;556;33;289;4601;0.653;1.193;46.585;40.829;41.025;74.685;69.075;104.656;224.484;208.056;220.264;236.6;152.113;478.574;753.333;809.188;620.887;691.391;269.566;149.944;150.396;125.665;70.541;132.9
65;65;711;primavera;510;1;176;120;2975;6829;1768;1966;1312;556;33;294;4802;2.001;1.365;50.0;40.494;22.0;74.698;58.0;104.524;218.0;208.108;219.0;236.833;197.0;478.171;750.0;810.924;556.0;691.269;462.0;252.794;391.0;159.133;292.0;164.504
66;66;721;estate;568;0;218;116;3045;6829;1768;1972;1312;558;33;308;4837;0.0;1.807;50.0;40.523;22.0;74.669;58.0;104.512;218.0;207.755;219.0;236.546;197.0;477.701;750.0;811.678;556.0;687.583;0.0;450.641;0.0;279.044;0.0;314.567
67;67;729;estate;395;0;260;142;3045;6829;1768;2083;1312;603;33;325;4837;0.0;2.399;50.0;40.861;22.0;74.792;58.0;105.03;218.0;207.099;219.0;236.392;197.0;479.03;750.0;829.38;556.0;688.309;0.0;648.851;0.0;466.6;0.0;519.592
68;68;734;autunno;164;2;263;156;3120;6829;1768;2276;1312;717;33;334;4868;0.75;1.659;50.0;39.195;22.0;74.518;58.0;107.305;218.0;207.085;219.0;237.39;197.0;484.695;750.0;826.152;556.0;699.378;73.0;437.232;250.0;299.409;84.0;260.787
69;69;737;autunno;110;2;248;157;3120;6829;1768;2312;1312;733;33;336;4868;1.5;1.747;50.0;38.991;22.0;74.036;58.0;105.555;218.0;205.536;219.0;238.291;197.0;482.391;750.0;815.482;556.0;683.955;323.0;535.8;230.5;411.773;334.0;307.7
70;70;740;inverno;78;15;225;166;3140;6829;1768;2342;1312;760;33;341;4885;0.85;1.609;50.0;39.731;22.0;73.872;58.0;106.551;218.0;202.641;219.0;237.154;197.0;497.154;750.0;848.923;556.0;718.41;143.267;456.833;210.133;344.667;117.333;294.628
71;71;742;inverno;48;12;223;171;3145;6829;1768;2361;1312;774;33;343;4888;1.5;1.589;50.0;38.958;22.0;71.417;58.0;105.062;218.0;204.521;219.0;236.042;197.0;506.208;750.0;846.875;556.0;702.396;287.917;429.146;356.167;323.75;334.0;280.625
72;72;745;primavera;52;35;237;170;3151;6841;1768;2365;1316;779;33;346;4903;0.818;1.599;51.057;38.827;21.571;73.827;56.743;104.077;217.086;202.615;220.771;236.442;197.6;507.096;749.629;849.019;560.686;710.173;181.429;414.481;152.714;325.308;109.086;306.808
73;73;749;primavera;65;37;280;169;3175;6861;1768;2369;1316;786;33;346;4921;0.951;1.503;51.946;38.415;20.162;77.677;53.162;105.431;212.514;202.631;221.865;235.723;195.811;502.723;755.838;849.615;554.514;706.292;262.189;321.292;202.243;236.369;130.243;200.154
74;74;754;estate;74;49;279;159;3188;6876;1768;2376;1319;791;33;348;4951;0.912;1.554;53.041;39.649;21.531;76.635;52.143;106.189;211.939;202.473;221.265;235.351;196.347;496.703;744.327;842.514;559.02;700.243;235.061;302.622;182.857;223.162;102.531;216.446
75;75;762;autunno;102;128;266;184;3219;6959;1768;2379;1321;797;33;352;4983;0.494;1.302;53.406;39.441;22.273;74.912;55.625;108.775;208.812;204.755;219.305;235.49;187.328;502.422;731.172;843.892;572.688;717.99;229.625;292.098;110.18;202.745;45.406;187.167
76;76;776;autunno;167;112;208;174;3293;7021;1768;2381;1324;802;33;354;5060;0.789;1.196;53.696;38.731;22.482;77.15;54.134;110.647;208.643;204.467;215.589;234.269;187.571;501.395;737.143;850.874;573.259;714.868;318.277;230.491;191.268;161.838;82.741;120.754
77;77;786;inverno;226;59;181;162;3352;7030;1775;2382;1331;808;33;357;5139;0.653;1.376;53.915;38.788;19.186;76.827;52.983;110.27;207.61;203.969;212.661;234.159;188.288;502.389;728.271;850.496;578.203;717.69;305.542;306.221;167.119;217.743;95.373;181.412
78;78;793;inverno;251;9;182;162;3406;7030;1779;2395;1335;820;34;361;5182;0.914;1.657;50.778;39.53;22.333;77.705;52.0;111.434;207.778;204.375;209.333;234.474;182.333;501.279;724.556;848.363;579.556;716.633;218.333;401.733;227.889;279.327;138.667;264.761
79;79;797;primavera;218;31;190;161;3421;7030;1779;2414;1335;853;34;367;5190;0.1;1.94;50.194;39.454;22.0;77.596;52.129;111.67;207.065;204.142;209.387;234.202;182.323;501.986;724.839;848.142;578.613;720.05;158.387;537.303;11.968;398.266;21.613;376.312
80;80;801;primavera;125;6;216;163;3442;7030;1779;2476;1335;896;34;376;5216;1.003;1.941;50.5;40.8;22.0;77.856;52.333;113.208;207.167;203.816;210.0;234.64;182.833;502.52;726.167;857.632;578.0;738.584;199.333;479.64;152.333;359.536;57.5;351.456
81;81;804;estate;93;39;265;163;3455;7034;1779;2504;1335;921;34;378;5217;0.302;1.805;50.615;40.806;21.667;78.108;51.667;112.376;208.026;202.237;209.846;234.645;180.897;509.075;719.179;861.495;579.179;747.839;190.333;492.624;65.795;368.108;44.564;325.742
82;82;806;estate;75;15;266;162;3470;7034;1779;2520;1335;935;34;381;5241;1.286;1.798;51.0;43.36;21.0;80.147;52.333;112.747;209.067;203.333;211.0;231.76;180.733;507.92;710.067;860.813;584.6;739.253;274.0;395.28;287.867;306.68;166.6;315.493
83;83;809;autunno;74;36;290;162;3481;7034;1780;2531;1336;943;35;384;5247;0.295;1.612;50.833;43.635;21.167;82.919;52.0;110.73;208.667;204.757;210.806;230.189;180.333;507.635;712.611;858.446;583.028;738.892;154.667;427.608;36.833;315.351;53.917;296.162
84;84;811;autunno;63;19;280;160;3490;7034;1780;2543;1336;947;35;388;5264;1.069;1.812;50.789;43.397;21.211;83.778;52.0;111.556;208.579;205.206;210.789;230.81;180.421;508.857;713.368;864.619;582.737;740.841;174.158;408.714;174.947;302.048;190.263;328.873
85;85;813;inverno;61;45;235;158;3497;7034;1780;2551;1336;956;35;390;5268;0.57;1.623;50.289;44.82;21.044;84.213;52.0;113.361;208.244;204.148;210.289;231.836;180.089;510.148;712.711;861.0;582.4;737.148;164.689;419.295;103.444;306.344;133.889;335.197
86;86;816;inverno;47;26;229;157;3501;7034;1780;2562;1339;960;35;393;5284;1.099;1.894;50.231;45.553;21.0;83.617;52.0;114.872;208.231;204.106;210.231;231.638;180.0;509.745;712.308;857.596;582.462;745.83;236.231;389.277;248.154;316.596;200.385;403.447
87;87;819;primavera;45;83;217;169;3504;7064;1781;2568;1340;967;35;395;5285;0.563;1.629;49.747;46.4;20.241;85.644;51.482;114.711;208.494;203.133;209.964;230.978;181.651;507.644;714.916;862.533;580.108;741.667;195.289;436.267;90.036;311.111;90.446;332.4
88;88;825;primavera;50;108;206;167;3523;7119;1784;2579;1340;968;35;397;5312;0.782;1.37;49.426;47.5;22.574;86.82;51.176;117.62;207.963;202.34;208.204;229.94;182.963;508.06;701.898;859.1;587.037;740.92;233.852;237.18;150.213;170.14;74.12;165.92
89;89;838;estate;95;281;211;170;3561;7327;1787;2580;1342;968;36;399;5371;0.607;1.135;49.79;46.674;20.918;85.137;54.865;118.442;207.779;202.379;208.954;230.421;183.37;509.758;712.765;867.232;572.804;741.611;254.936;180.421;139.947;152.526;52.772;117.579
90;90;861;estate;147;529;135;160;3617;7719;1797;2581;1349;968;36;402;5498;0.672;1.158;50.382;47.177;22.191;84.252;56.752;118.646;208.095;202.007;210.514;229.986;179.327;508.279;713.843;857.245;574.297;748.456;285.728;124.68;162.444;105.694;57.922;129.054
91;91;894;autunno;265;852;57;153;3728;8333;1827;2581;1389;968;38;405;5747;0.672;1.111;50.156;47.128;26.17;83.675;56.569;118.026;208.697;202.46;210.347;230.615;181.636;507.872;706.387;852.351;575.187;750.974;305.349;110.272;172.306;98.015;69.047;98.766
92;92;922;autunno;398;770;7;149;3866;8786;1922;2581;1442;968;38;410;6135;0.865;1.28;50.975;47.402;26.814;83.905;56.887;118.332;209.514;201.854;210.004;230.317;176.41;506.57;710.923;852.646;584.166;747.442;383.612;114.02;246.408;98.123;112.655;152.781
93;93;940;inverno;672;248;8;148;4134;8983;2020;2581;1534;968;38;414;6702;0.786;1.285;51.032;47.519;27.476;84.161;57.5;119.095;209.456;202.438;208.206;230.528;174.177;504.216;713.843;851.588;600.29;740.789;368.601;127.906;229.286;98.484;119.782;134.74
94;94;956;inverno;1009;0;44;147;4487;8999;2037;2581;1542;968;38;430;6948;0.0;1.423;51.0;47.217;27.0;83.82;57.0;118.555;209.0;202.089;208.0;230.878;174.0;503.611;713.0;851.728;600.0;742.337;0.0;288.973;0.0;136.569;0.0;167.281
95;95;980;primavera;1012;27;89;147;4513;8999;2037;2583;1542;969;38;460;6951;0.003;2.02;51.0;47.374;27.0;83.722;57.0;118.7;209.0;202.143;208.0;230.961;174.0;503.596;713.0;851.285;600.0;743.865;151.0;528.184;1.0;347.518;0.0;380.672
96;96;1002;primavera;783;0;164;147;4619;8999;2037;2801;1542;1051;38;495;6996;0.0;2.359;51.0;47.457;27.0;83.129;57.0;119.197;209.0;201.632;208.0;230.382;174.0;506.006;713.0;865.773;600.0;751.49;0.0;655.232;0.0;486.261;0.0;495.261
97;97;1010;estate;188;28;250;157;4619;8999;2037;3217;1542;1226;38;512;6998;0.003;1.886;51.0;47.707;27.0;82.601;57.0;118.91;209.0;203.782;208.0;230.037;174.0;505.112;713.0;858.277;600.0;759.979;151.0;573.367;1.0;456.463;0.0;379.064
98;98;1013;estate;111;3;275;156;4636;8999;2037;3265;1542;1265;38;519;7024;0.753;1.96;51.0;48.27;27.0;81.171;57.0;120.378;209.0;204.667;208.0;232.099;174.0;505.09;713.0;865.604;600.0;772.063;86.0;544.36;100.667;441.108;85.0;395.162
99;99;1015;autunno;65;33;300;156;4641;8999;2037;3301;1542;1289;38;520;7024;0.139;1.683;51.0;50.185;27.0;78.615;57.0;119.692;209.0;205.631;208.0;233.785;174.0;501.985;713.0;868.954;600.0;764.492;150.606;442.569;32.788;330.892;30.455;337.523
100;100;1017;autunno;75;14;276;177;4667;8999;2037;3307;1542;1295;38;524;7043;0.967;1.528;51.0;48.44;27.0;78.507;57.0;117.8;209.0;206.053;208.0;234.347;174.0;501.973;713.0;855.693;600.0;777.387;173.643;370.2;212.286;267.187;156.429;271.213
101;101;1019;inverno;72;49;252;190;4671;9008;2037;3313;1542;1306;38;524;7047;0.358;1.561;51.082;49.236;26.898;77.875;56.837;117.458;209.755;204.847;209.163;234.611;172.837;500.694;714.306;854.944;600.714;775.75;178.837;433.417;62.347;316.403;59.612;288.389
102;102;1023;inverno;65;29;240;190;4683;9008;2037;3323;1544;1309;38;530;7065;1.145;1.635;51.138;49.738;26.828;79.031;56.724;116.554;210.276;204.538;209.966;233.846;172.034;497.785;715.207;850.585;601.207;764.185;251.241;436.615;239.345;336.462;200.966;304.569
103;103;1027;primavera;65;69;236;192;4697;9034;2039;3341;1544;1315;38;530;7079;0.514;1.399;50.594;49.954;29.087;79.8;55.116;117.077;210.348;205.938;210.058;234.677;172.594;501.062;721.42;851.385;596.754;755.4;209.855;319.062;115.391;233.738;67.333;213.985
104;104;1033;primavera;72;93;247;190;4712;9091;2040;3346;1546;1315;38;533;7109;0.679;1.606;52.14;49.403;30.43;79.792;52.505;119.264;209.462;206.208;208.258;233.375;171.753;495.611;722.312;857.986;606.409;759.542;234.957;303.639;140.129;225.736;56.559;239.944
105;105;1044;estate;118;161;259;185;4754;9191;2041;3348;1548;1317;38;535;7170;0.557;1.396;50.969;50.288;27.137;79.619;51.907;120.076;208.379;204.322;210.516;234.746;165.578;498.059;727.503;846.042;602.106;766.627;255.429;228.966;131.081;173.669;47.342;154.771
106;106;1061;estate;194;236;238;175;4840;9406;2048;3352;1550;1317;38;541;7305;0.532;1.235;50.911;49.613;23.551;79.0;50.525;119.82;212.004;201.088;212.475;233.814;167.559;498.149;725.225;850.325;585.169;766.68;272.22;168.325;137.517;133.196;42.212;120.402
107;107;1083;autunno;287;219;218;167;4931;9581;2053;3353;1558;1317;39;548;7515;0.562;1.31;50.644;49.913;21.078;78.348;53.731;120.505;216.096;202.697;212.196;234.944;169.79;497.53;722.361;848.432;590.009;763.258;283.151;168.429;152.877;129.732;54.096;162.812
108;108;1103;autunno;458;95;181;171;5110;9700;2059;3354;1565;1319;39;553;7750;0.48;1.345;53.8;50.369;18.716;78.976;53.968;121.976;212.6;202.779;210.705;234.264;165.263;498.817;724.295;846.129;585.389;767.688;263.989;216.742;124.084;143.959;52.0;150.849
109;109;1116;inverno;622;28;149;172;5281;9708;2060;3357;1568;1321;39;565;7855;0.003;1.547;53.0;50.127;18.0;79.251;53.0;121.391;212.0;201.775;210.0;234.846;165.0;496.484;724.0;846.876;585.0;765.477;151.0;364.955;1.0;239.399;0.0;212.846
110;110;1127;inverno;583;0;176;174;5326;9708;2060;3408;1568;1338;39;581;7895;0.0;2.041;53.0;50.134;18.0;79.666;53.0;121.235;212.0;201.346;210.0;234.527;165.0;493.59;724.0;850.005;585.0;768.837;0.0;533.242;0.0;394.83;0.0;373.707
111;111;1135;primavera;324;29;198;191;5326;9708;2060;3603;1568;1397;39;597;7896;0.003;2.431;53.0;49.88;18.0;80.54;53.0;122.21;212.0;200.818;210.0;234.509;165.0;492.321;724.0;865.275;585.0;770.827;151.0;659.84;1.0;525.793;0.0;529.627
112;112;1139;primavera;169;2;258;191;5401;9708;2060;3749;1568;1467;39;613;7925;0.753;1.757;53.0;50.444;18.0;81.189;53.0;122.728;212.0;201.148;210.0;231.237;165.0;484.065;724.0;868.811;585.0;783.805;217.5;463.503;132.5;349.527;85.0;246.13
113;113;1141;estate;117;31;342;191;5401;9708;2060;3778;1568;1493;39;620;7926;0.051;1.617;53.0;51.009;18.0;81.145;53.0;125.154;212.0;201.137;210.0;228.632;165.0;487.897;724.0;863.427;585.0;779.744;147.065;524.761;9.484;401.137;10.806;282.35
114;114;1144;estate;89;12;328;190;5412;9708;2060;3807;1568;1499;39;624;7945;0.753;2.009;53.0;51.865;18.0;82.955;53.0;128.562;212.0;203.753;210.0;229.618;165.0;490.685;724.0;885.225;585.0;781.663;183.917;582.124;192.167;486.056;85.0;394.978
115;115;1146;autunno;51;42;335;190;5417;9711;2060;3836;1568;1521;39;626;7948;0.354;1.542;53.19;52.373;18.119;82.176;53.119;130.02;212.119;204.725;209.524;230.843;164.357;491.863;724.81;869.412;587.548;765.216;200.262;423.412;69.238;311.843;63.905;303.627
116;116;1149;autunno;41;21;277;210;5421;9711;2060;3844;1570;1524;39;629;7967;1.149;1.815;53.19;52.195;18.0;80.976;53.095;128.561;213.143;202.927;209.905;228.512;161.714;493.756;721.714;878.878;585.524;763.0;209.286;370.146;216.095;330.683;209.238;367.61
117;117;1151;inverno;45;44;225;240;5426;9711;2060;3849;1571;1530;39;629;7973;0.558;1.539;52.909;51.578;18.023;83.178;53.068;132.556;213.023;203.089;209.341;228.956;161.227;490.933;722.727;872.667;585.091;764.244;199.273;342.533;74.386;247.667;132.432;295.067
118;118;1153;inverno;52;22;223;244;5437;9711;2061;3849;1572;1534;39;629;7993;1.385;1.759;52.818;51.558;18.045;83.692;53.136;134.385;213.364;203.115;209.364;227.731;160.182;497.558;723.5;867.981;585.182;764.038;220.591;331.308;244.0;271.635;295.773;329.269
119;119;1155;primavera;58;48;228;244;5443;9717;2062;3851;1573;1539;40;632;8000;0.47;1.559;52.292;51.621;18.0;83.31;52.979;133.362;213.812;202.5;209.188;227.897;160.479;496.241;723.0;874.0;585.646;758.19;200.167;377.845;72.688;265.845;84.771;290.31
120;120;1159;primavera;68;47;278;241;5464;9738;2064;3858;1573;1540;40;635;8020;0.845;1.536;51.766;51.368;19.468;82.015;58.915;133.338;220.191;201.221;211.489;227.853;156.106;498.691;715.851;877.956;598.553;765.25;222.319;335.029;137.383;232.5;116.0;201.059
121;121;1165;estate;100;135;303;235;5493;9830;2064;3864;1573;1540;40;636;8054;0.382;1.438;52.163;52.18;20.148;83.51;55.689;135.23;218.385;201.14;210.015;227.97;156.074;497.64;716.674;889.45;591.185;760.42;209.963;293.02;90.615;222.41;27.556;193.64
122;122;1182;estate;150;210;276;223;5555;9994;2066;3866;1575;1542;40;644;8142;0.594;1.211;53.719;52.0;22.39;84.187;52.971;135.953;216.171;201.313;211.814;228.007;153.69;497.62;719.838;886.833;580.9;754.76;263.938;219.46;148.0;156.32;43.486;126.5
123;123;1206;autunno;250;241;252;214;5650;10188;2071;3868;1581;1544;40;645;8327;0.568;1.257;53.788;52.084;18.577;83.636;53.909;135.204;214.1;200.908;212.651;228.736;147.207;498.492;713.349;886.096;575.921;752.872;292.747;163.348;158.17;120.256;50.05;141.408
124;124;1226;autunno;408;71;213;204;5814;10270;2079;3868;1589;1544;40;651;8568;0.768;1.285;52.169;52.12;15.958;83.037;52.873;135.294;210.915;200.422;214.099;228.069;141.014;500.576;752.845;888.74;578.676;752.779;393.155;204.164;252.394;135.439;111.901;153.135
125;125;1237;inverno;537;28;215;201;5947;10284;2081;3870;1590;1546;40;661;8652;0.003;1.539;52.0;52.648;15.0;83.84;52.0;134.212;210.0;200.467;214.0;229.283;141.0;498.696;752.0;889.806;578.0;754.752;151.0;363.06;1.0;238.039;0.0;224.289
126;126;1248;inverno;550;0;218;200;6016;10284;2081;3886;1590;1570;40;677;8693;0.0;1.939;52.0;53.247;15.0;84.54;52.0;134.938;210.0;200.102;214.0;228.727;141.0;500.027;752.0;891.124;578.0;756.844;0.0;521.684;0.0;387.009;0.0;361.902
127;127;1256;primavera;336;29;226;201;6016;10284;2081;3993;1590;1673;40;692;8694;0.003;2.32;52.0;53.881;15.0;85.247;52.0;134.652;210.0;199.869;214.0;229.378;141.0;498.973;752.0;900.473;578.0;769.137;151.0;654.872;1.0;519.673;0.0;494.646
128;128;1261;primavera;175;0;283;200;6079;10284;2081;4105;1590;1778;40;701;8725;0.0;1.71;52.0;55.806;15.0;84.663;52.0;138.811;210.0;200.754;214.0;225.669;141.0;499.034;752.0;903.954;578.0;775.657;0.0;491.92;0.0;371.863;0.0;290.531
129;129;1263;estate;115;30;327;210;6079;10284;2081;4146;1590;1806;40;702;8725;0.003;1.754;52.0;56.357;15.0;84.939;52.0;141.617;210.0;201.67;214.0;224.27;141.0;497.296;752.0;907.435;578.0;767.07;151.0;517.226;1.0;398.217;0.0;294.27
130;130;1266;estate;95;11;337;209;6092;10284;2081;4163;1590;1819;40;706;8746;0.753;2.025;52.0;56.663;15.0;84.663;52.0;141.821;210.0;201.421;214.0;223.737;141.0;494.211;752.0;916.421;578.0;770.853;149.636;547.116;183.273;441.011;85.0;379.337
131;131;1268;autunno;66;47;352;216;6101;10295;2081;4184;1590;1843;40;709;8751;0.271;1.687;51.277;57.697;15.553;82.53;50.787;141.909;210.553;202.136;214.319;226.0;138.766;501.894;758.085;919.47;580.532;757.924;171.979;427.621;56.745;330.182;39.638;326.318
132;132;1273;autunno;73;54;305;215;6119;10322;2081;4186;1591;1847;40;714;8770;0.646;1.677;50.778;57.89;13.704;85.274;51.574;141.219;210.519;203.26;215.574;223.904;136.0;506.384;762.444;933.507;593.093;765.973;173.685;440.288;110.556;343.397;61.926;314.205
133;133;1284;inverno;95;166;252;231;6151;10432;2081;4195;1592;1858;40;714;8797;0.536;1.272;50.361;58.526;17.343;84.474;47.47;141.947;209.801;201.6;214.753;223.558;133.976;504.537;762.163;933.274;601.482;767.642;274.602;288.284;145.982;193.674;39.229;144.779
134;134;1303;inverno;156;235;203;242;6218;10615;2083;4196;1599;1860;40;717;8906;0.624;1.191;51.872;57.41;20.723;83.032;46.6;141.603;211.37;200.904;215.728;222.128;135.757;507.179;764.749;931.385;607.153;766.397;298.677;178.019;169.451;120.346;63.328;123.045
135;135;1330;primavera;235;337;180;235;6295;10886;2095;4199;1618;1860;40;722;9079;0.557;1.268;53.703;58.068;15.801;84.187;48.629;141.374;214.466;201.536;215.638;222.843;135.202;506.111;762.107;932.383;612.899;765.97;294.294;166.834;156.887;120.74;51.896;140.97
136;136;1355;primavera;381;155;201;224;6445;11005;2109;4199;1635;1860;40;726;9355;0.757;1.293;53.819;57.58;12.387;84.706;52.961;140.449;214.729;200.375;217.852;221.226;125.323;505.64;774.768;932.693;624.523;764.381;348.335;157.562;218.161;100.898;98.813;141.892
137;137;1374;estate;583;40;241;224;6647;11069;2113;4199;1643;1860;40;736;9557;0.234;1.366;51.7;57.563;10.8;85.938;54.925;140.612;216.2;201.115;216.275;221.273;126.55;504.268;783.3;933.636;631.95;762.592;211.65;267.492;70.675;167.624;30.075;165.115
138;138;1386;estate;618;0;272;222;6705;11069;2114;4201;1644;1867;40;750;9601;0.0;1.881;51.0;57.822;10.0;86.083;54.0;141.013;216.0;201.157;216.0;221.592;126.0;503.914;783.0;934.141;631.0;761.498;0.0;467.754;0.0;339.244;0.0;325.489
139;139;1399;autunno;478;28;300;222;6705;11069;2114;4250;1644;1951;40;767;9603;0.003;2.355;51.0;57.893;10.0;86.427;54.0;140.789;216.0;201.115;216.0;221.477;126.0;504.333;783.0;936.523;631.0;764.389;151.0;650.556;1.0;518.791;0.0;513.301
140;140;1406;autunno;272;0;286;225;6788;11069;2114;4360;1644;2114;40;784;9635;0.0;2.107;51.0;58.857;10.0;85.022;54.0;141.871;216.0;199.357;216.0;221.018;126.0;507.224;783.0;942.728;631.0;770.581;0.0;592.279;0.0;463.846;0.0;405.993
141;141;1409;inverno;133;29;271;232;6788;11069;2114;4403;1644;2213;40;791;9636;0.003;1.766;51.0;59.842;10.0;82.677;54.0;142.677;216.0;199.008;216.0;218.12;126.0;507.925;783.0;930.504;631.0;761.504;151.0;544.376;1.0;425.353;0.0;321.338
142;142;1412;inverno;108;5;258;240;6802;11069;2114;4418;1644;2231;40;797;9660;0.753;1.999;51.0;58.926;10.0;81.296;54.0;142.565;216.0;196.963;216.0;216.25;126.0;504.454;783.0;931.259;631.0;765.306;149.8;573.389;200.8;463.787;85.0;385.528
143;143;1414;primavera;62;35;247;239;6806;11069;2114;4436;1644;2271;40;799;9660;0.217;1.685;51.0;58.387;10.0;81.806;54.0;143.581;216.0;196.0;216.0;214.984;126.0;500.387;783.0;910.581;631.0;753.21;169.0;451.774;41.914;350.419;47.857;321.919
144;144;1416;primavera;75;25;305;238;6831;11077;2114;4440;1644;2277;40;801;9678;0.906;1.584;51.8;58.6;11.04;81.333;53.32;142.773;217.76;199.227;215.32;219.293;122.8;498.147;780.72;925.4;628.88;771.467;151.0;405.76;131.04;305.773;121.08;253.133
145;145;1420;estate;73;62;324;238;6840;11090;2114;4445;1644;2293;40;801;9684;0.569;1.565;51.823;58.233;11.468;81.452;52.694;144.37;216.419;201.808;214.661;221.164;124.194;496.37;783.081;940.151;628.661;780.603;217.839;417.123;100.742;301.356;78.677;250.301
146;146;1427;estate;72;49;304;233;6853;11110;2116;4446;1646;2296;40;811;9714;0.978;1.488;51.98;58.417;10.633;84.778;51.653;143.972;215.694;202.625;215.408;221.514;126.612;496.833;777.673;946.389;629.306;781.806;287.163;401.222;193.265;309.236;122.837;276.625
147;147;1434;autunno;113;110;310;233;6898;11178;2117;4448;1648;2308;41;811;9747;0.481;1.16;52.773;58.381;11.036;84.097;52.818;145.08;215.836;202.487;215.573;222.965;128.855;495.186;755.191;942.965;613.927;790.434;244.155;259.973;117.745;163.814;40.691;137.584
148;148;1448;autunno;144;147;239;240;6935;11300;2117;4449;1650;2309;41;815;9832;0.59;1.414;55.551;58.896;11.218;84.347;51.673;144.486;216.136;201.972;217.925;221.319;141.136;496.528;726.0;955.056;616.245;784.722;296.544;255.424;163.218;186.076;54.741;175.403
149;149;1466;inverno;224;148;200;244;7008;11370;2128;4449;1656;2312;41;815;9915;0.672;1.471;56.061;58.295;9.993;85.205;51.108;144.379;217.723;203.558;217.784;221.737;144.689;491.688;720.689;949.585;619.547;783.688;330.514;280.754;190.966;202.397;83.446;191.036
150;150;1483;inverno;352;75;204;257;7150;11440;2142;4457;1662;2314;41;819;10043;0.739;1.44;55.867;58.912;6.387;85.156;49.16;144.227;220.4;203.585;223.0;223.449;140.827;492.472;739.067;963.526;617.947;781.787;300.707;286.483;182.627;200.634;64.2;162.869
151;151;1498;primavera;411;69;208;258;7234;11475;2144;4460;1666;2324;41;841;10110;0.478;1.562;55.072;58.866;3.145;85.516;57.435;143.796;225.899;202.922;226.058;222.314;132.449;495.285;740.725;962.034;663.913;782.056;284.348;396.273;138.536;283.044;59.435;238.732
152;152;1511;primavera;467;9;267;250;7336;11475;2148;4472;1667;2350;41;849;10169;1.029;1.796;52.889;59.255;0.0;85.987;81.444;142.711;233.778;203.619;226.444;223.154;112.667;496.011;830.667;963.647;770.667;787.081;492.889;477.092;342.889;365.017;176.778;298.827
153;153;1520;estate;344;32;324;265;7342;11475;2149;4504;1667;2445;41;861;10175;0.11;2.11;52.188;59.738;0.0;86.689;81.625;142.25;232.656;203.881;225.75;223.648;114.281;495.959;829.812;963.253;766.781;795.68;186.812;600.852;36.812;485.14;25.5;410.442
154;154;1526;estate;275;1;344;261;7423;11475;2150;4549;1667;2532;41;879;10208;0.753;1.825;52.0;60.193;0.0;85.771;81.0;142.524;233.0;202.745;226.0;225.807;112.0;488.702;830.0;961.64;770.0;799.629;401.0;539.676;251.0;426.407;85.0;331.56
155;155;1530;estate;151;1;361;261;7423;11475;2150;4589;1667;2614;41;881;10208;1.503;2.038;52.0;59.649;0.0;84.742;81.0;143.126;233.0;198.974;226.0;226.199;112.0;486.325;830.0;963.391;770.0;801.927;651.0;591.55;501.0;478.98;335.0;383.642
156;156;1533;autunno;122;6;301;261;7440;11475;2151;4607;1667;2642;41;891;10233;0.75;1.963;52.0;59.352;0.0;83.516;81.0;140.459;233.0;198.672;226.0;226.016;112.0;484.754;830.0;966.221;770.0;808.221;187.0;598.492;131.0;486.107;84.0;402.656
157;157;1535;autunno;63;4;275;263;7450;11475;2151;4628;1667;2688;41;893;10235;1.5;1.885;52.0;61.317;0.0;81.508;81.0;139.111;233.0;199.651;226.0;225.381;112.0;477.556;830.0;966.968;770.0;826.619;409.25;532.095;373.0;433.365;334.0;398.492
158;158;1538;inverno;92;15;249;270;7478;11475;2153;4632;1667;2691;41;895;10252;0.75;1.611;52.0;60.554;0.0;81.359;81.0;139.88;233.0;199.228;226.0;224.761;112.0;475.011;830.0;960.522;770.0;827.804;183.8;444.761;187.667;334.196;84.0;260.293
159;159;1542;inverno;77;62;238;276;7488;11529;2153;4639;1667;2706;41;898;10259;0.623;1.706;51.0;60.0;4.016;82.299;82.871;141.26;233.887;201.987;225.194;221.727;115.371;473.286;835.726;969.091;783.726;826.87;251.935;454.182;152.355;347.481;48.016;271.156
160;160;1554;primavera;149;138;246;272;7557;11632;2154;4641;1667;2709;41;900;10319;0.729;1.279;50.58;61.906;5.341;82.081;82.333;140.436;233.051;203.51;227.007;223.134;110.058;474.664;829.551;991.718;758.304;823.302;292.754;270.302;190.377;189.933;77.855;127.034
161;161;1578;primavera;209;183;247;267;7634;11761;2159;4647;1667;2714;41;906;10398;0.915;1.257;51.94;61.182;3.661;82.191;83.333;139.115;231.607;202.598;225.656;223.507;113.519;472.766;825.809;987.12;757.087;830.11;394.18;269.99;271.667;186.656;136.896;145.407
162;162;1602;estate;350;148;246;272;7775;11867;2174;4649;1676;2715;41;913;10554;0.843;1.189;51.189;62.166;3.23;82.677;77.865;138.206;234.446;203.851;223.824;224.071;111.581;471.546;808.189;989.463;748.966;831.36;390.601;240.1;250.547;157.303;136.595;133.457
163;163;1628;estate;512;73;250;309;7950;11949;2188;4652;1681;2717;41;921;10697;0.621;1.345;47.178;61.83;2.096;82.564;79.63;139.555;231.74;203.1;227.548;222.486;124.151;471.172;786.548;989.256;774.027;827.998;315.164;316.385;175.274;218.902;37.959;168.574
164;164;1655;autunno;650;30;242;311;8100;12003;2188;4658;1681;2724;41;930;10837;1.044;1.625;47.0;62.182;0.0;82.552;80.133;139.437;222.667;203.894;227.367;222.562;118.9;469.363;798.5;987.528;831.5;829.898;498.167;402.983;348.167;298.18;182.1;245.965
